Extensions,abc
mp3,
3ga,
aa3,
abc,
ac3,
acd,
acd-zip,
wav,
acm,
adg,
adts,
afc,
ahx,
aif,
aifc,
aiff,
al,
amz,
aob,
apc,
apf,
atrac,
au,
avr,
bap,
bmw,
caf,
cda,
cfa,
cidb,
copy,
cpr,
cwp,
dac,
dcf,
dcm,
dfc,
dig,
dsm,
dts,
dtshd,
efa,
efe,
efk,
efv,
emd,
emx,
enc,
f64,
fl,
flp,
fst,
g726,
gnt,
gpx,
hma,
htw,
iff,
imw,
imy,
its,
ivc,
k26,
kar,
kfn,
koe,
koz,
kpl,
ktp,
lqt,
lvp,
m3u,
m3u8,
m4r,
ma1,
mid,
midi,
miniusf,
mio,
mka,
mon,
mpa,
mpu,
mp_,
mt2,
mte,
mtp,
mup,
mxp4,
mzp,
ncor,
nki,
nrt,
nsa,
ntn,
nwc,
odm,
oma,
omg,
omx,
ots,
ove,
pcast,
pek,
pla,
pls,
pna,
prog,
pvc,
qcp,
r1m,
ra,
ram,
rax,
rex,
rfl,
rif,
rmj,
rns,
rsd,
rso,
rti,
rx2,
sa1,
sbr,
sd2,
sfa,
sgt,
sid,
smf,
snd,
sng,
sns,
sprg,
sseq,
ssnd,
swa,
syh,
sz,
tap,
trm,
ul,
usf,
usflib,
usm,
vag,
vmo,
voi,
vpm,
vrf,
vy1,
vyf,
w01,
w64,
wproj,
wrk,
wus,
wut,
wwu,
xfs,
zgr,
zvr,
awb,
amr,
act,
aac,
3gp,
m4a,
m4b,
m4p,
mmf,
ogg,
oga,
mogg,
msv,
dvf,
ape,
iklax,
8svx,
voc,
aax,
gsm,
flac,
aa,
dss,
alac,
ivs,
vox,
tta,
sln,
raw,
mpc,
nsf,
nmf,
dct,
wma,
wv,
webm,
mkv,
vob,
ogv,
drc,
gif,
gifv,
mng,
avi,
mts,
m2ts,
ts,
mov,
qt,
wmv,
yuv,
rm,
rmvb,
asf,
amv,
mp4,
m4v,
mpg,
mp2,
mpeg,
m2v,
mpv,
svi,
3g2,
mxf,
roq,
nsv,
flv,
f4v,
f4p,
f4b,
f4a,
tar.gz,
txt,
zip,
